{
  "mae": 15935.73192399747,
  "rmse": 21783.173128673763,
  "r2": 0.8835933096273527,
  "mape": 14.608708545784543
}