{
  "Random Forest": {
    "train_accuracy": 0.995,
    "val_accuracy": 0.86625,
    "train_f1": 0.9949281268458524,
    "val_f1": 0.8546337263489705
  },
  "XGBoost": {
    "train_accuracy": 1.0,
    "val_accuracy": 0.89375,
    "train_f1": 1.0,
    "val_f1": 0.8904701080928428
  },
  "Logistic Regression": {
    "train_accuracy": 0.9191666666666667,
    "val_accuracy": 0.89625,
    "train_f1": 0.9172931149627553,
    "val_f1": 0.8937885161721825
  },
  "SVC": {
    "train_accuracy": 0.9654166666666667,
    "val_accuracy": 0.90125,
    "train_f1": 0.9651253105744384,
    "val_f1": 0.8985157515849455
  }
}