{
  "Random Forest": {
    "train_rmse": 3.3195372674933648,
    "val_rmse": 5.459895111678933,
    "train_mae": 2.4946649595676234,
    "val_mae": 4.291220677534726,
    "train_r2": 0.9218409332350361,
    "val_r2": 0.8040207293367413
  },
  "XGBoost": {
    "train_rmse": 0.5765977077298325,
    "val_rmse": 2.2409838685537697,
    "train_mae": 0.3919304839769999,
    "val_mae": 1.7466056370735168,
    "train_r2": 0.9976418572540994,
    "val_r2": 0.9669844148867968
  },
  "Gradient Boosting": {
    "train_rmse": 2.8058717424965756,
    "val_rmse": 3.2979497647033758,
    "train_mae": 2.1909388775293897,
    "val_mae": 2.631468842831008,
    "train_r2": 0.944158137040181,
    "val_r2": 0.9284961197722947
  },
  "Ridge": {
    "train_rmse": 3.5978777496667447,
    "val_rmse": 3.8078206875264975,
    "train_mae": 3.0067193914253982,
    "val_mae": 3.201962874951045,
    "train_r2": 0.9081842739219312,
    "val_r2": 0.9046776993390048
  },
  "SVR": {
    "train_rmse": 0.2678166068773497,
    "val_rmse": 0.868641712471872,
    "train_mae": 0.16899284113451807,
    "val_mae": 0.5987155784782966,
    "train_r2": 0.9994912560301257,
    "val_r2": 0.9950395291859095
  }
}